canonical_name,canonical_email,merged_name,merged_email
Maria W Smith,mariasmith@enterpriseware.com,Maria Smith,maria.smith@enterpriseware.com
Janet Stewart,janet.stewart@eduplatform.com,Janet Stewart,stewart.janet@eduplatform.com
Samuel Garcia,sgarcia@innovatelabs.com,Samuel W Garcia,sgarcia@innovatelabs.com
Raymond X. Thomas,thomas.raymond@enterpriseware.com,Raymond Thomas,raymond.t@enterpriseware.com
William Ramos,williamramos471@enterpriseware.com,William Ramos,william_ramos@enterpriseware.com
Sarah Cook,sarahcook@retailnext.com,Sarah H. Cook,sarah.h.cook@retailnext.com
Olivia Z Howard,ohoward@cybersecure.com,Olivia Howard,olivia_howard@cybersecure.com
Daniel Foster,danielfoster@acme.com,Daniel Foster,danielfoster@acme.com
Joseph M. Lewis,lewis.joseph@eduplatform.com,Joseph T. Lewis,joseph.t.lewis@eduplatform.com
Richard R. Smith,richard.r.smith@logisticspro.com,Richard Smith,richardsmith@logisticspro.com
Eric Nguyen,eunguyen@cloudnine.com,Eric Nguyen,eric_nguyen@cloudnine.com
Brenda B. Ramirez,brenda.r@greenenergy.com,Brenda Ramirez,ramirez.brenda@greenenergy.com
Rebecca B. Young,ryoung@bigcorp.com,Rebecca Young,ryoung@bigcorp.com
Timothy Hill,timothy.h@logisticspro.com,Timothy Hill,timothy.hill@logisticspro.com
Benjamin Morales,benjamin.m@cloudnine.com,Benjamin Morales,benjamin.morales@cloudnine.com
Tyler Nguyen,tnguyen@innovatelabs.com,Tyler Nguyen,nguyen.tyler@innovatelabs.com
Frank H. Morales,frank.morales@fastgrowth.com,Frank H. Morales,frank.m@fastgrowth.com
Robert Hill,robert.hill@healthtech.com,Robert X Hill,robert_hill@healthtech.com
Katherine J Mitchell,katherine.mitchell@greenenergy.com,Katherine U. Mitchell,mitchell.katherine@greenenergy.com
Jeffrey U Cooper,cooper.jeffrey@greenenergy.com,Jeffrey Cooper,jeffrey.c@greenenergy.com
Patricia J Taylor,patricia_taylor586@saassolutions.com,Patricia H. Taylor,patricia.taylor@saassolutions.com
Brian Rogers,brogers@eduplatform.com,Brian Rogers,rogers.brian821@eduplatform.com
Ruth Bennett,ruth.bennett@retailnext.com,Ruth Bennett,ruthbennett@retailnext.com
Dorothy Ortiz,dortiz@globaltech.com,Dorothy Ortiz,dorothy_ortiz@globaltech.com
Brian Smith,briansmith@globaltech.com,Brian Smith,briansmith@gmail.com
Susan K. Hall,susan.hall@bigcorp.com,Susan V. Hall,susan.v.hall@bigcorp.com
Christine Peterson,christine_peterson@retailnext.com,Christine Y Peterson,christine_peterson@retailnext.com
Jerry Rivera,jerry.r@eduplatform.com,Jerry Rivera,jerry.rivera@eduplatform.com
Amanda Z. Campbell,campbell.amanda@dataflow.com,Amanda Campbell,campbell.amanda@dataflow.com
Joyce Nelson,jnelson@cybersecure.com,Joyce Nelson,nelson.joyce@cybersecure.com
Nathan Jimenez,nathan.j@cybersecure.com,Nathan Jimenez,nathan.j@cybersecure.com
Adam U. Bennett,adam_bennett@fastgrowth.com,Adam C. Bennett,bennett.adam@fastgrowth.com
Jeffrey Harris,harris.jeffrey@mediahub.com,Jeffrey Harris,jeffrey_harris@mediahub.com
Henry Perry,henry.r.perry500@cloudnine.com,Henry Perry,henry_perry@cloudnine.com
Kathleen Patel,kathleen_patel@healthtech.com,Kathleen Patel,kathleen.patel@healthtech.com
Jennifer Hughes,jenniferhughes@acme.com,Jennifer K Hughes,hughes.jennifer@acme.com
Janet K. Ramirez,janet.k.ramirez752@bigcorp.com,Janet Ramirez,ramirez.janet@bigcorp.com
Justin R Ramirez,justin.r.ramirez437@enterpriseware.com,Justin I. Ramirez,justin.ramirez@enterpriseware.com
Anthony Brooks,brooks.anthony@cybersecure.com,Anthony Brooks,anthony.x.brooks89@cybersecure.com
Matthew Watson,matthew_watson@dataflow.com,Matthew O. Watson,matthew.watson@dataflow.com
Alexander H. Clark,alexander.clark@techco.com,Alexander Clark,clark.alexander@techco.com
Zachary Z. Johnson,zachary.z.johnson@healthtech.com,Zachary L Johnson,johnson.zachary@healthtech.com
Henry Q. Gray,gray.henry372@startupio.com,Henry Gray,henry_gray@startupio.com
Kevin K. Mendoza,mendoza.kevin@bigcorp.com,Kevin Mendoza,kevin.m@bigcorp.com
Joshua Rogers,joshuarogers@bigcorp.com,Joshua Rogers,joshua.a.rogers@bigcorp.com
Peter Torres,peter.n.torres@techco.com,Peter Torres,peter_torres@techco.com
Joyce Gray,joyce_gray@enterpriseware.com,Joyce Gray,joyce.gray229@enterpriseware.com
Amy Jenkins,amy_jenkins@techco.com,Amy H Jenkins,amy_jenkins@techco.com
Melissa Turner,melissa_turner@mediahub.com,Melissa Q Turner,melissa.turner@mediahub.com
Rachel Mitchell,mitchell.rachel@globaltech.com,Rachel Y. Mitchell,rachel.y.mitchell@globaltech.com
Aaron U Murphy,aumurphy552@enterpriseware.com,Aaron U. Murphy,murphy.aaron@enterpriseware.com
Helen King,king.helen384@cybersecure.com,Helen King,helen_king@cybersecure.com
Peter N. Ruiz,peterruiz@cybersecure.com,Peter Ruiz,peterruiz@cybersecure.com
Jerry Y Wright,jerrywright@enterpriseware.com,Jerry Wright,jerrywright549@enterpriseware.com
Nicole Harris,nicole.h993@mediahub.com,Nicole Harris,nicole.harris@mediahub.com
Rebecca Gonzalez,rgonzalez@cloudnine.com,Rebecca U Gonzalez,rgonzalez@cloudnine.com
David J James,davidjames@mediahub.com,David James,david.james527@mediahub.com
David Hernandez,david_hernandez@greenenergy.com,David E Hernandez,david.h@greenenergy.com
Karen B. Long,klong@enterpriseware.com,Karen Long,karen.long@enterpriseware.com
Ryan Martinez,martinez.ryan@healthtech.com,Ryan Martinez,martinez.ryan@healthtech.com
Patricia Murphy,patricia.m@logisticspro.com,Patricia Murphy,patricia.murphy@logisticspro.com
Susan Hill,hill.susan@cybersecure.com,Susan Hill,hill.susan285@cybersecure.com
Angela Castillo,castillo.angela@healthtech.com,Angela H. Castillo,angelacastillo@healthtech.com
Joseph S Castillo,jcastillo@cloudnine.com,Joseph M Castillo,jcastillo@cloudnine.com
Gregory V. Gutierrez,ggutierrez@globaltech.com,Gregory H. Gutierrez,ggutierrez@globaltech.com
Sandra Brown,sbrown217@healthtech.com,Sandra Brown,sbrown@healthtech.com
Olivia Brown,olivia.brown@cloudnine.com,Olivia Brown,olivia_brown@cloudnine.com
Raymond Perez,rperez@logisticspro.com,Raymond Perez,raymond.perez@logisticspro.com
Angela H. Flores,angela_flores@enterpriseware.com,Angela Flores,angelaflores@enterpriseware.com
Olivia Jenkins,olivia.jenkins@saassolutions.com,Olivia Jenkins,olivia.j@saassolutions.com
Pamela S Roberts,pamela.roberts@globaltech.com,Pamela Roberts,pamela.roberts@globaltech.com
Richard Anderson,randerson@cybersecure.com,Richard Anderson,richard_anderson@cybersecure.com
Christina D. Harris,christina.d.harris@fastgrowth.com,Christina Harris,christina.h@fastgrowth.com
Dorothy B Wright,dorothy.b.wright@saassolutions.com,Dorothy Wright,wright.dorothy@saassolutions.com
Dennis Myers,dgmyers@fastgrowth.com,Dennis C Myers,dmyers@fastgrowth.com
Lauren Hughes,hughes.lauren@cloudnine.com,Lauren U Hughes,lauren_hughes@cloudnine.com
Janet Q. Thomas,thomas.janet@bigcorp.com,Janet X. Thomas,janet.x.thomas@bigcorp.com
Shirley Green,shirley.green@logisticspro.com,Shirley M. Green,shirley.green@logisticspro.com
Ashley James,ashley.james@startupio.com,Ashley James,ashley_james@startupio.com
Adam V. Mitchell,adam_mitchell711@startupio.com,Adam Mitchell,adam.mitchell147@startupio.com
George Cox,george.c@protonmail.com,George Cox,gcox@protonmail.com
Patricia H. King,patricia.king@fintechpartners.com,Patricia King,king.patricia@fintechpartners.com
Linda R. King,linda.r.king@techco.com,Linda King,linda_king@techco.com
Dennis Sanchez,dennis_sanchez647@saassolutions.com,Dennis Sanchez,sanchez.dennis@saassolutions.com
Barbara Morales,barbara.morales758@fintechpartners.com,Barbara Morales,barbara_morales792@fintechpartners.com
Janet Z. Kelly,janet.kelly148@fastgrowth.com,Janet Kelly,janet.kelly@fastgrowth.com
Elizabeth S. Mendoza,esmendoza@cloudnine.com,Elizabeth Mendoza,emendoza@cloudnine.com
